,precision,recall,f1,ttc
play,0.8571428571428571,0.6153846153846154,0.7164179104477612,
formation,0.0,0.0,0.0,
